,id,filter,t1/t2,t1_t2_predicted,inclination,inc_predicted,mass_ratio,q_predicted,primary__surface_potential,omega1_predicted,primary__equivalent_radius,prim_eq_radius_predicted,secondary__equivalent_radius,sec_eq_radius_predicted
39127,12324214,Kepler,1.0384615384615385,1.0377645,1.1022641322293383,1.1014837,0.2,0.20695615,2.2140794139194138,2.263558,0.5299770908091374,0.3619314,0.2579561289705072,0.16314743
108040,19546392,Kepler,1.0740740740740742,1.0743635,1.2929970205442742,1.2697471,3.333333333333334,3.4139786,6.8273234888568215,7.233034,0.30278468863467406,0.2735894,0.5083972822505481,0.39170647
449875,42273968,Kepler,1.0416666666666667,1.0740616,0.8978099556009682,0.92535305,0.6,0.7360934,2.7210047664775208,2.871829,0.5126943185109741,0.20138907,0.42985622279510893,0.1851047
909230,64577573,Kepler,1.0,1.008857,1.1969150094649363,1.190122,1.111111111111111,1.1457102,3.4281535379989334,3.4710722,0.470588445940382,0.19948864,0.4875050603408202,0.21398096
479749,48434071,Kepler,1.08,1.0814666,1.154726266794153,1.156306,1.4285714285714288,1.2935126,4.29317871181826,3.9110107,0.36789507325902354,0.24890062,0.43017694729979566,0.30624983
