,id,filter,t1_t2,t1_t2_predicted,inclination,inc_predicted,mass_ratio,mass_ratio_predicted,primary__surface_potential,omega1_predicted,secondary__surface_potential,omega2_predicted,primary__equivalent_radius,prim_eq_radius_predicted,secondary__equivalent_radius,sec_eq_radius_predicted
341936,4783910,Kepler,3.5,2.8074265,1.5707963267948966,1.5435925,0.3,0.14781553,2.825864961806422,3.5180268,3.1193467290227583,5.7052164,0.40819642075056334,0.412473,0.17077722361947947,0.17229879
701061,10356375,Kepler,1.25,1.2365108,1.413716694115407,1.4082311,0.6,0.5893239,5.384376859865944,6.0119486,3.2966746560201114,4.525215,0.2099831147166675,0.21112074,0.29343369188517,0.27818814
1016753,14638088,Kepler,1.125,1.1348565,1.1714903502149512,1.1654167,0.8,0.66901594,3.576202176847685,4.095332,5.817748199610994,9.556539,0.3728724854150097,0.3503372,0.1701462972658832,0.16429178
565003,8356724,Kepler,2.5,2.6027334,1.2585711190204512,1.2554795,0.5,1.5253482,5.284306510205747,8.167729,5.100484463497083,7.2428675,0.20991735491309957,0.18180627,0.13009467880392503,0.16995603
714607,10491150,Kepler,1.6666666666666667,1.6833086,1.5707963267948966,1.4476671,1.6666666666666665,2.464625,101.66671667291615,104.109604,6.486355575560342,5.186223,0.009996231901823823,0.027715124,0.290164305491099,0.33097383
